,noise,soc,synch,oth,agg,mo,beep,cc,al,ld,sn
0,0.0,0.8639876352395672,0.3865546218487395,1,0.07142857142857142,0.7873134328358209,1,0.8663181478715459,0.4827586206896552,1,0.7408814589665653
