,noise,soc,synch,oth,agg,mo,beep,cc,al,ld,sn
0,0.0,0.6515151515151515,0.5154061624649859,0.0,0.008264462809917356,0.7080536912751678,0.0,0.7885791978246091,0.4444444444444444,0.0,0.7265275707898659
